<?xml version="1.0" encoding="UTF-8"?>
<project-private xmlns="http://www.netbeans.org/ns/project-private/1">
    <editor-bookmarks xmlns="http://www.netbeans.org/ns/editor-bookmarks/2" lastBookmarkId="0"/>
    <open-files xmlns="http://www.netbeans.org/ns/projectui-open-files/2">
        <group>
            <file>file:/D:/Vehicle%20Renting/VehicleRenting/src/Vehicle/Admin.java</file>
            <file>file:/D:/Vehicle%20Renting/VehicleRenting/src/Vehicle/Login.java</file>
            <file>file:/D:/Vehicle%20Renting/VehicleRenting/src/DB/DBConnection.java</file>
            <file>file:/D:/Vehicle%20Renting/VehicleRenting/src/Vehicle/Employee.java</file>
        </group>
    </open-files>
</project-private>
